{"f1": 0.696707682075158, "best_threshold": 0.38, "by_tag": {"instrument": {"Acoustic Grand Piano": 0.6321070234113713, "_Guitar": 0.734602463605823, "Guitar": 0.8351648351648352, "DL_Guitar_1": 0.8043478260869565, "DL_Guitar": 0.7590243902439024, "DL_heartfullpop_2_Guitar": 0.7603833865814696, "DL_deepemotion_Guitar": 0.75}}}