{
  "instrument": {
    "_Remix_Guitar": 0.5993091537132987,
    "_tunecore_Remastered_Guitar": 0.5090543259557344,
    "DL_Remix_emotional_folk_Guitar": 0.5535055350553506,
    "DL_Guitar_1": 0.5370741482965932,
    "DL_Guitar": 0.5615050651230101,
    "DL_warmFolk_Guitar": 0.51,
    "DL_deepemotion_Guitar": 0.5659340659340659
  }
}