{"probs": [0.9983153343200684, 0.22271782159805298, 0.22710099816322327, 0.24853868782520294, 0.2504349946975708, 0.2908038794994354], "preds": [1, 0, 0, 0, 0, 0], "trues": [1, 0, 0, 0, 0, 0]}