{"probs": [0.5444673895835876, 0.5444675087928772, 0.5444675087928772, 0.5444675087928772, 0.5444675087928772, 0.5444675087928772, 0.5444675087928772, 0.5444674491882324, 0.5444674491882324, 0.5444674491882324, 0.5444675087928772, 0.5444674491882324, 0.5444674491882324, 0.5444674491882324, 0.5444674491882324, 0.5444675087928772, 0.5444675087928772, 0.5444675087928772, 0.5444675087928772, 0.5444675087928772, 0.5444675087928772, 0.5444675087928772, 0.5444675087928772, 0.5444674491882324, 0.5444674491882324, 0.5444675087928772, 0.5444675087928772, 0.5444675087928772, 0.5444675087928772, 0.5444675087928772, 0.5444674491882324, 0.5444675087928772], "preds": [1, 1, 1, 1, 1, 1, 1, 1, 1, 1, 1, 1, 1, 1, 1, 1, 1, 1, 1, 1, 1, 1, 1, 1, 1, 1, 1, 1, 1, 1, 1, 1], "trues": [1, 1, 1, 1, 1, 0, 0, 0, 1, 1, 0, 0, 0, 0, 1, 1, 0, 0, 0, 0, 0, 0, 0, 0, 0, 1, 0, 0, 0, 0, 1, 0]}