{"f1": 0.827300930713547, "best_threshold": 0.4, "by_tag": {"instrument": {"Acoustic Grand Piano": 0.8350253807106599, "PIANO": 0.7932960893854749}}}