{
  "instrument": {
    "Acoustic Grand Piano": 0.8350253807106599,
    "PIANO": 0.7932960893854749
  }
}