{"probs": [0.9974714517593384, 0.003333831438794732, 0.0023875476326793432, 0.0018829905893653631, 0.0014108553295955062, 0.0010416965233162045, 0.0007600999088026583, 0.0005530078196898103, 0.00041189082548953593, 0.0003228271089028567, 0.00026715986314229667, 0.0002369407011428848, 0.00022334264940582216, 0.00023471761960536242, 0.0002721190685406327, 0.0003345498989801854, 0.0004735950496979058, 0.0007446239469572902, 0.0011974271619692445, 0.0019452370470389724, 0.0029449439607560635, 0.003813729155808687, 0.00399042759090662, 0.005754775833338499], "preds": [1, 0, 0, 0, 0, 0, 0, 0, 0, 0, 0, 0, 0, 0, 0, 0, 0, 0, 0, 0, 0, 0, 0, 0], "trues": [1, 0, 0, 0, 0, 0, 0, 0, 0, 0, 0, 0, 0, 0, 0, 0, 0, 0, 0, 0, 0, 0, 0, 0]}