{
  "instrument": {
    "DL_Guitar": 0.8123924268502581,
    "DL_Remix_emotional_folk_Guitar": 0.7704280155642024,
    "DL_deepemotion_Guitar": 0.757201646090535,
    "_Remix_Guitar": 0.8168316831683168,
    "_tunecore_Remastered_Guitar": 0.7569230769230769,
    "DL_warmFolk_Guitar": 0.7868852459016393,
    "DL_Guitar_1": 0.8027210884353742
  }
}