{"f1": 0.7495511669658886, "best_threshold": 0.7, "by_tag": {"instrument": {"Acoustic Grand Piano": 0.7267417605340009, "_Guitar": 0.7681895093062606, "Guitar": 0.8, "DL_Guitar_1": 0.9051094890510949, "DL_Guitar": 0.7569955817378498, "DL_heartfullpop_2_Guitar": 0.7863247863247863, "DL_deepemotion_Guitar": 0.7443946188340808}}}