epoch,loss,loss_boundary,loss_vel_reg,loss_dur_reg,loss_vel_cls,loss_dur_cls,loss_pitch,f1,best_th,time
1,0.9669794730127674,0.5152120471204797,0.0018335621586156277,0.015841860427482896,0.148718273979516,2.2197307299261224,0.0,0.7908820614469773,0.51,76.36750268936157
2,0.8477034961524075,0.44424236033060777,3.6983142267174165e-05,0.015223349873550644,0.0020192474305824287,2.1793210736692767,0.0,0.7908820614469773,0.55,68.14469885826111
3,0.8415697308435832,0.4401045729648577,1.4806071728082614e-05,0.015344478403001207,0.0007779658195157599,2.1766589489701675,0.0,0.7892503536067893,0.49,72.68574714660645
4,0.8433818751002011,0.44135999010033805,1.6416416175996172e-05,0.015312246452021885,0.00040718608870520255,2.1777284068604037,0.0,0.7908820614469773,0.5,68.22883605957031
5,0.8394582587562195,0.43868214835042824,5.7597056343651e-06,0.015252963589721244,0.00025696383860147214,2.176481966939691,0.0,0.7908820614469773,0.53,69.55521893501282
6,0.8348134917347398,0.43579405577827807,4.644956704181549e-06,0.015060772348118767,0.00019410227550782123,2.1714969940381508,0.0,0.7908820614469773,0.49,68.24931192398071
