{
  "instrument": {
    "_tunecore_Remastered_Guitar": 0.5669291338582677,
    "DL_Remix_emotional_folk_Guitar": 0.599009900990099,
    "DL_Guitar_1": 0.4689655172413793,
    "DL_Guitar": 0.616822429906542,
    "DL_warmFolk_Guitar": 0.5490196078431373,
    "_Remix_Guitar": 0.6,
    "DL_deepemotion_Guitar": 0.5684210526315789
  }
}