{"probs": [0.9204288125038147, 0.33481746912002563, 0.4091967046260834, 0.3991696238517761, 0.357979416847229, 0.3534673750400543], "preds": [1, 0, 0, 0, 0, 0], "trues": [1, 0, 0, 0, 0, 0]}