{"probs": [0.7254579663276672, 0.7546488046646118, 0.7583935856819153, 0.7525361776351929, 0.7425048351287842, 0.7305048704147339, 0.7175906300544739, 0.7038027048110962, 0.6893879175186157, 0.6739359498023987, 0.6570934057235718, 0.6391391158103943, 0.6189025640487671, 0.5958621501922607, 0.5679489970207214, 0.5318381786346436, 0.48128318786621094, 0.406720906496048], "preds": [1, 1, 1, 1, 1, 1, 1, 1, 1, 1, 1, 1, 1, 1, 1, 0, 0, 0], "trues": [1, 1, 1, 1, 0, 0, 1, 1, 0, 0, 1, 0, 1, 0, 0, 0, 0, 0]}