{"f1": 0.5041678643288301, "best_threshold": 0.59, "by_tag": {"instrument": {"_Remix_Guitar": 0.4750733137829912, "_tunecore_Remastered_Guitar": 0.4962121212121212, "DL_Remix_emotional_folk_Guitar": 0.5, "DL_Guitar_1": 0.4420289855072464, "DL_Guitar": 0.5406392694063927, "DL_warmFolk_Guitar": 0.5360824742268041, "DL_deepemotion_Guitar": 0.5038560411311054}}}