{"probs": [0.7346084117889404, 0.7562044858932495, 0.7671787142753601, 0.7721537351608276, 0.7731376886367798, 0.7703996896743774, 0.7645013928413391, 0.7561735510826111, 0.7444890737533569, 0.7303486466407776, 0.7145335078239441, 0.6956979632377625, 0.6744405031204224, 0.6513899564743042, 0.6265973448753357, 0.6002058386802673, 0.5726395845413208, 0.5448927283287048, 0.5171583294868469, 0.48939260840415955, 0.46157217025756836, 0.43372204899787903, 0.4058178961277008, 0.37787219882011414, 0.3500920832157135, 0.3226061463356018, 0.29526546597480774, 0.2679034471511841, 0.24020570516586304, 0.21169567108154297, 0.1813412755727768, 0.1468062847852707], "preds": [1, 1, 1, 1, 1, 1, 1, 1, 1, 1, 1, 1, 1, 1, 1, 1, 0, 0, 0, 0, 0, 0, 0, 0, 0, 0, 0, 0, 0, 0, 0, 0], "trues": [1, 1, 1, 1, 1, 0, 0, 0, 1, 1, 0, 0, 0, 0, 1, 1, 0, 0, 0, 0, 0, 0, 0, 0, 0, 1, 0, 0, 0, 0, 1, 0]}