epoch,loss,step,val_loss
0,0.0006021480076014996,49,
0,0.00040771314525045455,99,
0,0.00017449348524678499,149,
0,0.0002281375927850604,199,
0,9.879257413558662e-05,249,
0,0.00011872286995640025,299,
0,0.00031736897653900087,349,
0,6.089094313210808e-05,399,
0,,432,0.0001279213174711913
1,0.0001792584516806528,449,
1,0.00028169917641207576,499,
1,0.00010867806122405455,549,
