{"f1": 0.5803108808290155, "best_threshold": 0.53, "by_tag": {"instrument": {"_tunecore_Remastered_Guitar": 0.5631768953068592, "DL_Remix_emotional_folk_Guitar": 0.5925925925925926, "DL_Guitar_1": 0.4658385093167702, "DL_Guitar": 0.6378244746600742, "DL_warmFolk_Guitar": 0.5263157894736842, "_Remix_Guitar": 0.5987460815047022, "DL_deepemotion_Guitar": 0.5533980582524272}}}