{"f1": 0.5785973397823458, "best_threshold": 0.51, "by_tag": {"instrument": {"_tunecore_Remastered_Guitar": 0.5611510791366906, "DL_Remix_emotional_folk_Guitar": 0.5893271461716937, "DL_Guitar_1": 0.46153846153846156, "DL_Guitar": 0.639225181598063, "DL_warmFolk_Guitar": 0.5309734513274337, "_Remix_Guitar": 0.5904173106646059, "DL_deepemotion_Guitar": 0.5560975609756098}}}