{"probs": [0.7755239605903625, 0.7920182943344116, 0.7878900170326233, 0.7759013772010803, 0.7601324319839478, 0.74268639087677, 0.7244584560394287, 0.706074595451355, 0.6880089044570923, 0.6699932813644409, 0.6520591378211975, 0.6344314813613892, 0.6165627837181091, 0.5977689027786255, 0.576718270778656, 0.5506396889686584, 0.5143343806266785, 0.45722174644470215], "preds": [1, 1, 1, 1, 1, 1, 1, 1, 1, 1, 1, 1, 1, 1, 1, 1, 0, 0], "trues": [1, 1, 1, 1, 0, 0, 1, 1, 0, 0, 1, 0, 1, 0, 0, 0, 0, 0]}