{"probs": [0.749997079372406, 0.7756600975990295, 0.7771832346916199, 0.7693063616752625, 0.7567479014396667, 0.7415841817855835, 0.7255769968032837, 0.7083299160003662, 0.6904343366622925, 0.6716797351837158, 0.6516794562339783, 0.6315804719924927, 0.6098098158836365, 0.5867524743080139, 0.5599544644355774, 0.5256502628326416, 0.47713273763656616, 0.4063825011253357], "preds": [1, 1, 1, 1, 1, 1, 1, 1, 1, 1, 1, 1, 1, 1, 1, 1, 0, 0], "trues": [1, 1, 1, 1, 0, 0, 1, 1, 0, 0, 1, 0, 1, 0, 0, 0, 0, 0]}