{"f1": 0.5319037656903766, "best_threshold": 0.51, "by_tag": {"instrument": {"_Remix_Guitar": 0.5266990291262136, "_tunecore_Remastered_Guitar": 0.512998266897747, "DL_Remix_emotional_folk_Guitar": 0.5127118644067796, "DL_Guitar_1": 0.4791666666666667, "DL_Guitar": 0.5558397271952259, "DL_warmFolk_Guitar": 0.5882352941176471, "DL_deepemotion_Guitar": 0.5481481481481482}}}