{"probs": [0.7859182953834534, 0.8061121702194214, 0.8135106563568115, 0.8140692114830017, 0.8112719058990479, 0.8053132891654968, 0.7968102693557739, 0.7857985496520996, 0.7722092270851135, 0.7558278441429138, 0.7363699078559875, 0.7138150930404663, 0.6881505846977234, 0.6595144867897034, 0.6279775500297546, 0.5938352942466736, 0.5573012828826904, 0.5187574028968811, 0.47755691409111023, 0.43454307317733765, 0.3889944553375244, 0.3411597013473511, 0.29152408242225647, 0.23971788585186005, 0.185318261384964], "preds": [1, 1, 1, 1, 1, 1, 1, 1, 1, 1, 1, 1, 1, 1, 1, 1, 1, 1, 0, 0, 0, 0, 0, 0, 0], "trues": [1, 1, 1, 1, 1, 0, 0, 1, 1, 0, 0, 0, 0, 1, 0, 0, 0, 1, 0, 0, 0, 0, 0, 1, 0]}