{"f1": 0.5007088176920896, "best_threshold": 0.6, "by_tag": {"instrument": {"_Remix_Guitar": 0.44970414201183434, "_tunecore_Remastered_Guitar": 0.5, "DL_Remix_emotional_folk_Guitar": 0.5011933174224343, "DL_Guitar_1": 0.44285714285714284, "DL_Guitar": 0.5401069518716578, "DL_warmFolk_Guitar": 0.5510204081632653, "DL_deepemotion_Guitar": 0.505}}}