{"probs": [0.6693581938743591, 0.6953341364860535, 0.7114281058311462, 0.7202327847480774, 0.7244491577148438, 0.7246209979057312, 0.7221248149871826, 0.7176252007484436, 0.7111472487449646, 0.7030038237571716, 0.6935194730758667, 0.6826758980751038, 0.6706046462059021, 0.657467782497406, 0.6433075666427612, 0.6281047463417053, 0.6121708750724792, 0.5955538749694824, 0.5782472491264343, 0.560361385345459, 0.54166179895401, 0.5221574902534485, 0.5022140741348267, 0.48150351643562317, 0.4596075415611267, 0.43604665994644165, 0.41015586256980896, 0.38143694400787354, 0.3489139974117279, 0.31077441573143005, 0.2647325098514557, 0.20681646466255188], "preds": [1, 1, 1, 1, 1, 1, 1, 1, 1, 1, 1, 1, 1, 1, 1, 1, 1, 0, 0, 0, 0, 0, 0, 0, 0, 0, 0, 0, 0, 0, 0, 0], "trues": [1, 1, 1, 1, 1, 0, 0, 0, 1, 1, 0, 0, 0, 0, 1, 1, 0, 0, 0, 0, 0, 0, 0, 0, 0, 1, 0, 0, 0, 0, 1, 0]}