{
  "instrument": {
    "_tunecore_Remastered_Guitar": 0.5663082437275986,
    "DL_Remix_emotional_folk_Guitar": 0.5909090909090909,
    "DL_Guitar_1": 0.44242424242424244,
    "DL_Guitar": 0.6294536817102138,
    "DL_warmFolk_Guitar": 0.5309734513274337,
    "_Remix_Guitar": 0.588957055214724,
    "DL_deepemotion_Guitar": 0.5510688836104513
  }
}