{"probs": [0.7733373045921326, 0.7899880409240723, 0.7898486852645874, 0.7834343910217285, 0.7741910219192505, 0.7634804844856262, 0.7519298791885376, 0.7395695447921753, 0.7261735796928406, 0.7114812135696411, 0.695010244846344, 0.6759483218193054, 0.6531215310096741, 0.624829113483429, 0.5886548161506653, 0.5410144925117493, 0.4771105945110321, 0.3901214301586151], "preds": [1, 1, 1, 1, 1, 1, 1, 1, 1, 1, 1, 1, 1, 1, 1, 1, 0, 0], "trues": [1, 1, 1, 1, 0, 0, 1, 1, 0, 0, 1, 0, 1, 0, 0, 0, 0, 0]}