{"f1": 0.5767386091127098, "best_threshold": 0.5, "by_tag": {"instrument": {"_tunecore_Remastered_Guitar": 0.5617173524150268, "DL_Remix_emotional_folk_Guitar": 0.5944700460829493, "DL_Guitar_1": 0.45121951219512196, "DL_Guitar": 0.6363636363636364, "DL_warmFolk_Guitar": 0.5178571428571429, "_Remix_Guitar": 0.5884146341463414, "DL_deepemotion_Guitar": 0.5547445255474452}}}