{"probs": [0.7861718535423279, 0.8052706122398376, 0.8049397468566895, 0.7968459725379944, 0.7847659587860107, 0.7710345983505249, 0.755297064781189, 0.7381548285484314, 0.7198454141616821, 0.699948251247406, 0.6783407330513, 0.6547635197639465, 0.6286579370498657, 0.5988280177116394, 0.5634074807167053, 0.5181135535240173, 0.4587555229663849, 0.38321220874786377], "preds": [1, 1, 1, 1, 1, 1, 1, 1, 1, 1, 1, 1, 1, 1, 1, 1, 0, 0], "trues": [1, 1, 1, 1, 0, 0, 1, 1, 0, 0, 1, 0, 1, 0, 0, 0, 0, 0]}