{"f1": 0.5790139064475348, "best_threshold": 0.52, "by_tag": {"instrument": {"_tunecore_Remastered_Guitar": 0.553030303030303, "DL_Remix_emotional_folk_Guitar": 0.5956416464891041, "DL_Guitar_1": 0.474025974025974, "DL_Guitar": 0.629582806573957, "DL_warmFolk_Guitar": 0.5384615384615384, "_Remix_Guitar": 0.5914149443561209, "DL_deepemotion_Guitar": 0.5677749360613811}}}