{"probs": [0.7948424220085144, 0.8129680752754211, 0.8134594559669495, 0.806236982345581, 0.7948094606399536, 0.7800076007843018, 0.7619906663894653, 0.7424405813217163, 0.7219672203063965, 0.6991434097290039, 0.6740505695343018, 0.6465674638748169, 0.6175211668014526, 0.5859596133232117, 0.5511661171913147, 0.511770486831665, 0.4643787443637848, 0.4059670567512512], "preds": [1, 1, 1, 1, 1, 1, 1, 1, 1, 1, 1, 1, 1, 1, 1, 0, 0, 0], "trues": [1, 1, 1, 1, 0, 0, 1, 1, 0, 0, 1, 0, 1, 0, 0, 0, 0, 0]}